observation_frame,unscaled_time,frame_timing_timestamp,"frame_interval_ms","cpu_frame_ms","gpu_frame_ms","cpu_render_thread_ms","gc_allocated_in_editor_frame_bytes","VSM.LayoutRemap_gpu_ms","VSM.Allocate_gpu_ms","VSM.InvalidateStatic_gpu_ms","VSM.ClearPhysicalPages_gpu_ms","VSM.StaticCasterCull_gpu_ms","VSM.DynamicCasterCull_gpu_ms","VSM.PageCull_gpu_ms","VSM.StaticRaster_gpu_ms","VSM.DynamicRaster_gpu_ms","VSM.UnityCompatibilityRaster_gpu_ms","VSM.FinalizePages_gpu_ms","VSM.ResetFeedback_gpu_ms","VSM.ResolveAndFeedback_gpu_ms"
6715,61.216523504818589,18968837581546,9.137103334069252,8.4814,0.345088,3.6856,14475,0.0012799999999999999,,,,0.18534399999999998,0.000256,0.16,0.0097279999999999988,,,,,1.7118719999999998
6716,61.225320401077092,18968837666360,8.79689585417509,7.494,9.106432,3.6251,14475,0.0012799999999999999,,,,0.388096,0.000256,0.36147199999999996,0.009216,,,,,1.64608
6717,61.233793700396824,18968837741300,8.4732994437217712,10.1498,8.773888,3.5796,20917,0.0012799999999999999,,,,0.188416,0.000256,0.163072,0.008704,,,,,1.2953599999999998
6718,61.243112804705213,18968837842798,9.3191042542457581,9.0916,8.446976,3.3658,14475,0.0012799999999999999,,,,0.19327999999999998,0,0.16896,0.008704,,,,,1.2992
6719,61.251790901360543,18968837933714,8.67809634655714,8.7931,9.279744,3.5165,14527,0.001024,,,,0.19686399999999998,0,0.17024,0.0084479999999999989,,,,,1.294336
6720,61.260815100623581,18968838021645,9.0241990983486176,8.4227,8.665088,3.6522,14475,0.001024,,,,0.193024,0.000256,0.168704,0.009472,,,,,1.5262719999999999
6721,61.268964200680273,18968838105872,8.1491004675626755,9.4209,8.99328,4.0566,14475,0.0012799999999999999,,,,0.407296,0.000256,0.382208,0.018688,,,,,1.679104
6722,61.277919203514735,18968838200081,8.9550027623772621,8.6131,8.12672,3.8297,14475,0.001024,,,,0.19455999999999998,0,0.169728,0.008704,,,,,1.313536
6723,61.286961699263038,18968838286212,9.0424958616495132,9.2528,8.921856,3.4917,14475,0.001024,,,,0.18944,0,0.16512,0.00896,,,,,1.52064
6724,61.295946301020408,18968838378740,8.9846020564436913,8.1381,9.013504,3.6008,14595,0.0012799999999999999,,,,0.193024,0,0.168704,0.0084479999999999989,,,,,1.294336
6725,61.304933602607704,18968838460121,8.9873019605875015,9.4685,8.961536,3.3876,14475,0.0063999999999999994,,,,0.20147199999999998,0,0.17664,0.012799999999999999,,,,,1.754368
6726,61.313421804138322,18968838554806,8.4882015362381935,8.3481,8.963584,3.4453,14677,0.001024,,,,0.195328,0.000256,0.171008,0.007424,,,,,1.321728
6727,61.322569005102039,18968838638287,9.147200733423233,9.541,8.459776,3.6953,14475,0.001024,,,,0.19097599999999998,0,0.166656,0.011264,,,,,1.293312
6728,61.3312169005102,18968838733697,8.64789541810751,8.3865,9.125888,3.3923,14475,0.0012799999999999999,,,,0.405248,0.000256,0.38016,0.012799999999999999,,,,,1.295872
6729,61.340446102607707,18968838817562,9.2292018234729767,8.5897,8.62976,3.6426,14475,0.001024,,,,0.192512,0,0.16819199999999998,0.0084479999999999989,,,,,1.296384
6730,61.3493621031746,18968838903459,8.9160008355975151,9.2475,9.192448,3.3949,14475,0.0012799999999999999,,,,0.192,0.000256,0.1664,0.006912,,,,,1.4996479999999999
6731,61.358107603458045,18968838995934,8.745499886572361,8.5572,8.893184,3.9763,14475,0.0012799999999999999,,,,0.18688,0,0.163072,0.0084479999999999989,,,,,1.629184
6732,61.367165100623581,18968839081506,9.05749760568142,9.5292,8.644608,3.4662,14475,0.001024,,,,0.18636799999999998,0,0.161792,0.008704,,,,,1.523712
6733,61.375816206065757,18968839176798,8.65110568702221,8.6025,9.112064,3.3519,14475,0.001024,,,,0.183296,0,0.15923199999999998,0.0084479999999999989,,,,,1.763328
6734,61.384644699546485,18968839262823,8.8284937664866447,9.0988,8.6272,3.8825,120180,0.001024,,,,0.190208,0,0.165376,0.008704,,,,,1.494016
6735,61.393463605442172,18968839353811,8.8189058005809784,8.7051,8.802816,3.3827,81200,0.0012799999999999999,,,,0.18995199999999998,0,0.164608,0.0076799999999999993,,,,,1.295872
6736,61.402435005668934,18968839440862,8.9714005589485168,8.6866,8.798208,1.4097,164934,0.0012799999999999999,,,,0.18662399999999998,0,0.16255999999999998,0.0084479999999999989,,,,,1.6803839999999999
6737,61.412018105158729,18968839527728,9.5830997452139854,10.4092,0.52352,1.2435,210760,0.0012799999999999999,,,,0.194816,0,0.17049599999999998,0.008704,,,,,1.300736
6738,61.421414803004531,18968839631820,9.3966973945498466,8.3456,0.112896,1.4494,174458,0.0012799999999999999,,,,0.41856,0,0.168448,0.00896,,,,,1.844992
6739,61.430106604308385,18968839715276,8.6918016895651817,10.8052,0.112384,1.6144,91290,0.0012799999999999999,,,,0.190464,0.000256,0.164352,0.0076799999999999993,,,,,1.298432
6740,61.439321301020406,18968839823328,9.21469647437334,8.7775,0.114944,1.4175,14475,0.0012799999999999999,,,,0.190208,0,0.164096,0.007424,,,,,1.294848
6741,61.448753202947842,18968839911103,9.4319023191928864,9.4211,0.11392,1.2939,14595,0.001024,,,,0.19353599999999999,0,0.167424,0.006912,,,,,1.863168
6742,61.456881001984122,18968840005314,8.12779925763607,8.2665,0.114944,3.3823,14527,0.0012799999999999999,,,,0.190208,0,0.16383999999999999,0.008704,,,,,1.2953599999999998
6743,61.466231802721083,18968840087979,9.3508008867502213,7.5229,8.09344,3.9158,14475,0.0012799999999999999,,,,0.192512,0.000256,0.167936,0.008704,,,,,1.316352
6744,61.474821301020405,18968840163208,8.5894986987113953,9.6664,9.334016,3.6087,14475,0.001024,,,,0.19097599999999998,0,0.164608,0.00896,,,,,1.609472
6745,61.483079606009071,18968840259872,8.2583045586943626,7.8156,8.46208,3.6324,14475,0.001024,,,,0.19712,0,0.17279999999999998,0.0076799999999999993,,,,,1.2928
6746,61.493014803004534,18968840338028,9.9351974204182625,9.3002,8.340224,3.3808,14475,0.001024,,,,0.187904,0.000256,0.164096,0.008704,,,,,1.300992
6747,61.501792800453515,18968840431030,8.7779974564909935,8.7496,9.858816,3.5648,14475,0.0012799999999999999,,,,0.19558399999999998,0,0.17152,0.0084479999999999989,,,,,1.497088
6748,61.510590603741491,18968840518526,8.7978029623627663,8.1165,8.801024,3.538,14677,0.001024,,,,0.383488,0.000256,0.359168,0.009472,,,,,1.525504
6749,61.51963240504535,18968840599691,9.04180109500885,10.2923,8.774912,3.8329,14475,0.001024,,,,0.18995199999999998,0.000256,0.165632,0.00896,,,,,1.613568
6750,61.5285748015873,18968840702614,8.942396380007267,8.4815,9.019648,3.4383,14475,0.0012799999999999999,,,,0.19584,0,0.171264,0.008704,,,,,1.289984
6751,61.537372300170063,18968840787429,8.797498419880867,8.8935,8.911104,3.3191,14475,0.0012799999999999999,,,,0.194304,0.000256,0.16947199999999998,0.007424,,,,,1.293312
6752,61.546108304988657,18968840876364,8.7360050529241562,8.8192,8.777472,3.4752,14475,0.0012799999999999999,,,,0.192768,0.000256,0.167936,0.008704,,,,,1.291264
6753,61.5549246031746,18968840964556,8.8162980973720551,8.9073,8.701952,3.4735,14475,0.0012799999999999999,,,,0.18764799999999998,0.000256,0.162816,0.008704,,,,,1.8242559999999999
6754,61.563855399659865,18968841053629,8.9307967573404312,8.8205,8.79488,3.4344,14475,0.0012799999999999999,,,,0.187904,0,0.16383999999999999,0.008704,,,,,1.664256
6755,61.572584502551017,18968841141834,8.72910302132368,8.738,8.9067519999999991,3.6633,14475,0.001024,,,,0.18944,0.000256,0.164096,0.008704,,,,,1.524992
6756,61.58120470521542,18968841229214,8.6202025413513184,9.1241,8.702208,3.3496,14475,0.0012799999999999999,,,,0.371456,0,0.16127999999999998,0.0084479999999999989,,,,,1.294336
6757,61.589911805555552,18968841320455,8.70710052549839,8.6792,8.586496,3.5299,14475,0.0012799999999999999,,,,0.200704,0,0.175872,0.008704,,,,,1.298176
6758,61.598709304138318,18968841407247,8.797498419880867,8.9733,8.695296,3.5488,14475,0.001024,,,,0.19584,0.000256,0.171264,0.008704,,,,,1.296128
6759,61.60738150510204,18968841496980,8.6722010746598244,8.3642,8.772096,3.4219,14797,0.001024,,,,0.181248,0,0.156416,0.008704,,,,,1.29664
6760,61.616544401927435,18968841580622,9.1628972440958023,8.6089,8.64896,3.5388,14475,0.001024,,,,0.18816,0.000256,0.16383999999999999,0.008704,,,,,1.526784
6761,61.624868905895688,18968841666711,8.3245038986206055,8.8378,9.131264,3.7973,141334,0.0012799999999999999,,,,0.396288,0.000256,0.3712,0.008192,,,,,1.4981119999999999
6762,61.633573802437638,18968841755089,8.7048960849642754,8.7787,8.304128,3.5476,48381,0.0012799999999999999,,,,0.18431999999999998,0,0.159488,0.009216,,,,,1.2989439999999999
6763,61.643241099773242,18968841842876,9.6672968938946724,9.0813,8.667648,1.4099,40834,0.001024,,,,0.190464,0.000256,0.16614399999999999,0.00896,,,,,1.293568
6764,61.652095904195008,18968841933689,8.8548045605421066,10.0804,0.46464,1.0993,127944,0.001024,,,,0.19123199999999999,0,0.165376,0.008704,,,,,1.299456
6765,61.661367403628113,18968842034493,9.2714997008442879,8.4066,0.334848,1.1115,165834,0.0012799999999999999,,,,0.19327999999999998,0,0.16896,0.0076799999999999993,,,,,1.529344
6766,61.66970760345805,18968842118559,8.3401994779706,9.444,0.112896,1.3747,84530,0.001024,,,,0.191744,0,0.165632,0.008704,,,,,1.8457599999999998
6767,61.679468501984125,18968842212999,9.7608985379338264,9.4498,0.11136,1.4713,14475,0.001024,,,,0.191488,0,0.165376,0.012288,,,,,1.300992
6768,61.6888450042517,18968842307497,9.3765025958418846,9.4708,0.937216,1.1847,14475,0.001024,,,,0.390656,0,0.365824,0.0097279999999999988,,,,,1.296384
6769,61.697338605442177,18968842402205,8.4936013445258141,7.4656,0.113664,3.4172,14475,0.001024,,,,0.18867199999999998,0,0.16255999999999998,0.008704,,,,,1.881856
6770,61.706886104024939,18968842476861,9.5474990084767342,9.0458,8.462336,3.558,14677,0.0012799999999999999,,,,0.38527999999999996,0,0.359168,0.0084479999999999989,,,,,1.295104
6771,61.715907100340132,18968842567319,9.0209962800145149,8.9208,9.52704,3.5711,14475,0.001024,,,,0.182784,0,0.15795199999999998,0.008704,,,,,1.4942719999999998
6772,61.724363499149661,18968842656527,8.4563987329602242,8.6671,9.00352,3.3349,14475,0.001024,,,,0.194816,0,0.169728,0.0084479999999999989,,,,,1.606144
6773,61.7334375,18968842743198,9.0740006417036057,9.4382,8.416512,3.4924,14475,0.001024,,,,0.18431999999999998,0,0.159744,0.0084479999999999989,,,,,1.2992
6774,61.741674702380948,18968842837580,8.2372026517987251,8.9622,9.069312,3.8625,20917,0.001024,,,,0.19455999999999998,0,0.17024,0.008704,,,,,1.538816
6775,61.75117190334467,18968842927202,9.497201070189476,8.7842,8.20864,3.4464,14475,0.0012799999999999999,,,,0.18303999999999998,0.000256,0.158976,0.008704,,,,,1.293568
6776,61.75996300311791,18968843015044,8.7911002337932587,8.7332,9.466368,3.46,14595,0.001024,,,,0.19327999999999998,0.000256,0.16819199999999998,0.00896,,,,,1.869824
6777,61.768898901643986,18968843102376,8.9358985424041748,8.5045,8.765184,3.4265,14475,0.0012799999999999999,,,,0.185856,0,0.16153599999999999,0.00896,,,,,1.296896
6778,61.77780719954648,18968843187421,8.90829786658287,9.2364,8.927232,3.5059,14475,0.0012799999999999999,,,,0.198144,0.000256,0.17382399999999998,0.0076799999999999993,,,,,1.504256
6779,61.786403401360545,18968843279785,8.5962014272809029,8.8692,8.871936,3.5678,14475,0.0012799999999999999,,,,0.19584,0.000256,0.17177599999999998,0.007168,,,,,1.71648
6780,61.795078599773241,18968843368477,8.675198070704937,8.887,8.569344,3.8971,14475,0.001024,,,,0.18816,0,0.164096,0.008704,,,,,1.2953599999999998
6781,61.804216099773242,18968843457347,9.1375000774860382,8.8923,8.663552,3.7194,14475,0.0012799999999999999,,,,0.194048,0,0.169984,0.008704,,,,,1.764608
6782,61.81304390589569,18968843546270,8.8278064504265785,8.5964,9.11232,3.4498,14677,0.0012799999999999999,,,,0.1856,0,0.160768,0.0084479999999999989,,,,,1.291264
6783,61.82216380385487,18968843632234,9.1198980808258057,8.992,8.80256,3.4814,14475,0.001024,,,,0.186112,0,0.16127999999999998,0.007424,,,,,1.289472
6784,61.831044005102036,18968843722154,8.8802007958292961,9.1287,9.083136,3.5078,14475,0.0012799999999999999,,,,0.194048,0.000256,0.16947199999999998,0.007168,,,,,1.654528
6785,61.8398700042517,18968843813441,8.82599875330925,8.4998,8.832256,3.4503,14475,0.001024,,,,0.18764799999999998,0.000256,0.16358399999999998,0.008704,,,,,1.30176
6786,61.848601601473923,18968843898439,8.7315971031785011,9.4698,8.818432,3.6097,128164,0.0012799999999999999,,,,0.192512,0.000256,0.16768,0.008704,,,,,1.300992
6787,61.857099404761904,18968843993137,8.4978034719824791,8.6577,8.714496,3.6603,93816,0.0012799999999999999,,,,0.18892799999999998,0,0.164096,0.008704,,,,,1.294592
6788,61.86656020408163,18968844079714,9.4607993960380554,8.8232,8.47872,1.4407,94072,0.001024,,,,0.189184,0,0.165376,0.008704,,,,,1.4993919999999998
6789,61.875206001984125,18968844167946,8.6457980796694756,10.2773,0.35328,1.268,177647,0.0012799999999999999,,,,0.198144,0,0.171264,0.008704,,,,,1.649152
6790,61.884369699546482,18968844270719,9.163697250187397,8.0858,0.114944,1.6629,90804,0.0012799999999999999,,,,0.19097599999999998,0.000256,0.165376,0.0084479999999999989,,,,,1.29408
6791,61.894217502834465,18968844351577,9.84780304133892,10.248,0.733184,1.4869,87584,0.0012799999999999999,,,,0.199936,0,0.17510399999999998,0.009216,,,,,1.296896
6792,61.902858304988662,18968844454057,8.6408024653792381,8.4397,0.334848,1.2037,14475,0.0012799999999999999,,,,0.195328,0,0.16947199999999998,0.007168,,,,,1.651456
6793,61.912624199263036,18968844538454,9.7658941522240639,8.5691,0.114432,1.1891,14797,0.001024,,,,0.194816,0,0.16896,0.00896,,,,,1.2938239999999999
6794,61.921707801870745,18968844624145,9.0836025774478912,10.0935,0.11392,3.6784,14475,0.001024,,,,0.19225599999999998,0,0.165376,0.0076799999999999993,,,,,1.5047679999999999
6795,61.929648001700677,18968844725080,7.9402001574635506,7.3935,9.059584,3.5569,14475,0.0012799999999999999,,,,0.196096,0,0.17152,0.008704,,,,,1.771008
6796,61.939098703231288,18968844799015,9.4507010653615,9.6037,7.912192,3.5102,14475,0.0012799999999999999,,,,0.18764799999999998,0,0.16383999999999999,0.009216,,,,,1.317632
6797,61.94805820578231,18968844895052,8.9595029130578041,9.0455,9.43104,3.8802,14475,0.001024,,,,0.191488,0,0.165376,0.008704,,,,,1.782784
6798,61.957343501984127,18968844985507,9.2852963134646416,8.1009,8.936448,4.2624,14475,0.001024,,,,0.396544,0,0.369664,0.013312,,,,,1.313024
6799,61.966149900793646,18968845066516,8.8063990697264671,9.3206,9.25184,3.5517,14475,0.0012799999999999999,,,,0.18995199999999998,0,0.165376,0.007424,,,,,1.9192319999999998
6800,61.97482400085034,18968845159722,8.6741000413894653,8.9898,8.791296,4.0669,14475,0.0012799999999999999,,,,0.19788799999999998,0,0.17279999999999998,0.008704,,,,,1.6332799999999998
6801,61.98367280328798,18968845249620,8.84880218654871,9.4089,8.563456,3.476,14475,0.001024,,,,0.18816,0,0.164096,0.008192,,,,,1.2922879999999999
6802,61.992608404195011,18968845343709,8.9356005191802979,8.6838,8.7232,3.7158,14475,0.001024,,,,0.18303999999999998,0,0.158464,0.008704,,,,,1.6235519999999999
6803,62.00134379960317,18968845430547,8.7353950366377831,9.0759,8.902656,3.5066,14475,0.0012799999999999999,,,,0.19123199999999999,0,0.166656,0.008704,,,,,1.300736
6804,62.0105371031746,18968845521306,9.1933039948344231,8.4577,8.70272,3.6372,14677,0.001024,,,,0.19968,0.000256,0.17510399999999998,0.007168,,,,,1.526784
6805,62.019393105158727,18968845605883,8.8560022413730621,8.9778,9.1776,4.0543,14475,0.001024,,,,0.381696,0,0.356608,0.017664,,,,,1.6066559999999999
6806,62.02820240221088,18968845695661,8.80929734557867,8.7645,8.827392,3.6517,14475,0.001024,,,,0.191744,0,0.167424,0.0084479999999999989,,,,,1.300992
6807,62.036711699263037,18968845783306,8.5092969238758087,9.4942,8.801536,3.7624,14475,0.0012799999999999999,,,,0.18995199999999998,0,0.165632,0.008704,,,,,1.6432639999999998
6808,62.045976204648525,18968845878248,9.2645054683089256,8.6973,8.439296,4.2316,14475,0.001024,,,,0.18534399999999998,0,0.161024,0.0084479999999999989,,,,,1.323008
6809,62.054234601757365,18968845965221,8.25839675962925,9.1421,9.28128,3.8746,14475,0.001024,,,,0.19072,0,0.16588799999999998,0.008704,,,,,2.245376
6810,62.063239200680272,18968846056642,9.00459848344326,8.6931,8.233216,3.7967,14595,0.001024,,,,0.19072,0,0.16614399999999999,0.008704,,,,,1.310208
6811,62.072212400793646,18968846143573,8.973199874162674,8.889,8.969984,3.9179,14527,0.001024,,,,0.191488,0.000256,0.166656,0.007168,,,,,1.294848
6812,62.080767502834462,18968846232463,8.5551021620631218,8.2708,8.951552,3.7184,14475,0.0012799999999999999,,,,0.18995199999999998,0,0.165376,0.008704,,,,,1.644544
6813,62.090102104591836,18968846315171,9.33460146188736,8.8233,8.527104,3.9364,14475,0.0012799999999999999,,,,0.193792,0,0.168704,0.00896,,,,,1.314304
6814,62.098909800170063,18968846403404,8.8076954707503319,9.4647,9.31968,3.7677,14475,0.000768,,,,0.1856,0.000256,0.161024,0.00896,,,,,1.9996159999999998
6815,62.107242304421767,18968846498051,8.3325039595365524,8.3213,8.77184,3.9976,14677,0.0012799999999999999,,,,0.19097599999999998,0.000256,0.16716799999999998,0.0084479999999999989,,,,,1.316608
6816,62.116571704931971,18968846581264,9.3294009566307068,9.4043,8.305664,3.8042,14475,0.001024,,,,0.18688,0.000256,0.16255999999999998,0.008704,,,,,1.317888
6817,62.125366801303855,18968846675307,8.7950965389609337,8.8313,9.305088,4.0054,14475,0.001024,,,,0.379648,0,0.355072,0.0084479999999999989,,,,,1.598976
6818,62.13429580498866,18968846763620,8.9290039613842964,8.0076,8.760832,3.788,14475,0.0012799999999999999,,,,0.195328,0,0.170752,0.008704,,,,,1.3104639999999999
6819,62.1437169005102,18968846843696,9.4210952520370483,9.381,8.904704,3.5357,14475,0.001024,,,,0.187904,0,0.16383999999999999,0.007424,,,,,1.741568
6820,62.152374702380953,18968846937506,8.6578018963336945,8.6116,9.400832,4.2228,14475,0.001024,,,,0.185856,0.000256,0.161792,0.008704,,,,,1.816064
6821,62.161491404478454,18968847023622,9.1167017817497253,9.0473,8.636416,3.7786,125138,0.001024,,,,0.188416,0,0.16358399999999998,0.008704,,,,,1.317632
6822,62.170745103458046,18968847114095,9.2536993324756622,9.594,9.08544,3.4535,14475,0.001024,,,,0.191744,0,0.166912,0.008704,,,,,1.6552959999999999
6823,62.179181505102036,18968847210035,8.43640137463808,8.3025,8.820224,1.4898,14475,0.001024,,,,0.186112,0,0.161792,0.008704,,,,,1.5093759999999998
6824,62.188436699263036,18968847293060,9.25519410520792,10.9938,0.11392,3.8186,14475,0.001024,,,,0.188416,0,0.16383999999999999,0.008704,,,,,1.316864
6825,62.197348100907028,18968847402998,8.9114019647240639,7.4188,9.243904,3.8979,180578,0.0012799999999999999,,,,0.19891199999999998,0.000256,0.174592,0.007168,,,,,1.592064
6826,62.207248703231294,18968847477186,9.9006025120615959,8.4862,8.884992,3.6483,14822,0.0012799999999999999,,,,0.19686399999999998,0.000256,0.172032,0.008192,,,,,1.2956159999999999
6827,62.216579102891153,18968847562048,9.3303993344306946,9.1439,9.861632,1.4618,14595,0.001024,,,,0.186112,0.000256,0.162048,0.008704,,,,,1.563904
6828,62.224467403628118,18968847653487,7.8883003443479538,11.2324,0.114432,4.3745,14475,0.001024,,,,0.18867199999999998,0.000256,0.163328,0.008704,,,,,1.665792
6829,62.234161203231288,18968847765811,9.6937995404005051,7.8684,7.869952,3.7614,14475,0.001024,,,,0.18176,0.000256,0.15744,0.0076799999999999993,,,,,1.313536
6830,62.242833000283447,18968847844495,8.6717968806624413,9.1606,9.668864,3.7959,20917,0.0012799999999999999,,,,0.18944,0,0.163328,0.007936,,,,,1.975808
6831,62.251526105442174,18968847936101,8.6931055411696434,7.9788,8.647168,3.6325,14475,0.001024,,,,0.19072,0.000256,0.166912,0.008704,,,,,1.2971519999999999
6832,62.260824900793651,18968848015889,9.2987949028611183,9.5451,8.669952,3.5882,14475,0.001024,,,,0.18867199999999998,0,0.163072,0.008704,,,,,1.519872
6833,62.269597505668933,18968848111340,8.77260509878397,8.8221,9.275904,4.063,14475,0.001024,,,,0.407808,0,0.38246399999999997,0.008192,,,,,1.730048
6834,62.278759403344665,18968848199561,9.16189793497324,8.8049,8.758272,3.8545,27833,0.001024,,,,0.192,0,0.166912,0.00896,,,,,1.313024
6835,62.28718630243764,18968848287610,8.4268990904092789,9.1164,9.121536,3.8031,32568,0.0012799999999999999,,,,0.19712,0,0.172288,0.007424,,,,,1.7702399999999998
6836,62.295841900510204,18968848378774,8.6555983871221542,8.6278,8.397568,3.7131,14475,0.0012799999999999999,,,,0.194816,0,0.16947199999999998,0.007168,,,,,1.3153279999999998
6837,62.30503849914966,18968848465052,9.1965990141034126,9.1281,8.63616,3.7309,14620,0.001024,,,,0.187904,0.000256,0.16383999999999999,0.006912,,,,,1.862912
6838,62.31420030470521,18968848556333,9.161805734038353,8.5297,9.174528,3.6189,14677,0.0012799999999999999,,,,0.187392,0.000256,0.162816,0.008704,,,,,1.62048
6839,62.323301601473922,18968848641630,9.10129677504301,8.6251,9.142528,3.5415,14475,0.0012799999999999999,,,,0.188416,0,0.16358399999999998,0.0084479999999999989,,,,,1.851392
6840,62.331679003684805,18968848727881,8.37740208953619,9.0927,9.072128,3.6008,14475,0.0012799999999999999,,,,0.1856,0,0.16127999999999998,0.0084479999999999989,,,,,1.4963199999999999
6841,62.34027670068027,18968848818808,8.5976971313357353,9.8986,8.34688,3.7236,14475,0.0012799999999999999,,,,0.194048,0,0.169216,0.00896,,,,,1.303552
6842,62.349403805272104,18968848917794,9.12710465490818,8.3624,8.574976,3.6306,27926,0.0012799999999999999,,,,0.189696,0,0.165632,0.008704,,,,,1.294848
6843,62.358180902777775,18968849001418,8.7770977988839149,8.391,9.0944,3.4792,14475,0.0012799999999999999,,,,0.19891199999999998,0.000256,0.17510399999999998,0.00896,,,,,1.296128
6844,62.366916999716551,18968849085328,8.7360972538590431,8.533,8.749056,3.3991,33830,0.001536,,,,0.197376,0,0.17279999999999998,0.007168,,,,,1.5162879999999999
6845,62.375338499149656,18968849170658,8.4214992821216583,9.269,8.72576,3.2839,35175,0.0012799999999999999,,,,0.192512,0.000256,0.16819199999999998,0.008704,,,,,1.6151039999999999
6846,62.384178599773243,18968849263348,8.8401008397340775,8.7513,8.401408,3.406,14475,0.001024,,,,0.19072,0.000256,0.165632,0.007168,,,,,1.2992
6847,62.393855605158727,18968849350861,9.6770050004124641,8.7508,8.80896,3.5915,27781,0.0012799999999999999,,,,0.194304,0,0.169728,0.008704,,,,,1.29792
6848,62.402286302437638,18968849438369,8.43069702386856,8.2905,9.662464,4.1376,14475,0.0012799999999999999,,,,0.196608,0,0.17049599999999998,0.008704,,,,,1.6051199999999999
6849,62.411226105442175,18968849521274,8.9398026466369629,8.9314,8.397824,3.6343,14822,0.0012799999999999999,,,,0.194304,0,0.169728,0.00896,,,,,1.3137919999999998
6850,62.41976400226757,18968849610588,8.5378969088196754,9.8461,8.901888,3.7232,14475,0.0012799999999999999,,,,0.185088,0,0.159488,0.008704,,,,,1.7904639999999998
6851,62.428679202097506,18968849709049,8.9151998981833458,8.2124,8.530432,3.5043,14475,0.001024,,,,0.193024,0,0.167936,0.007168,,,,,1.3184
6852,62.437739803004533,18968849791173,9.0606007725000381,9.6014,8.886784,3.4546,58659,0.001024,,,,0.186112,0,0.161792,0.008704,,,,,1.650688
6853,62.446528401360538,18968849887187,8.7885987013578415,7.932,9.038848,4.374,14475,0.0012799999999999999,,,,0.190208,0.000256,0.16614399999999999,0.0084479999999999989,,,,,1.318656
6854,62.455601105442177,18968849966507,9.0727042406797409,9.045,8.761088,3.8616,20404,0.001024,,,,0.47359999999999997,0.000256,0.449024,0.008192,,,,,1.29408
6855,62.464569401927434,18968850056957,8.9682964608073235,9.1094,9.052416,3.6247,14475,0.0012799999999999999,,,,0.194048,0,0.169728,0.008704,,,,,1.69472
6856,62.473061004818589,18968850148051,8.49160272628069,8.6443,8.946176,3.5656,14475,0.001024,,,,0.18995199999999998,0,0.16512,0.008704,,,,,1.6885759999999999
6857,62.481736699263038,18968850234494,8.675694465637207,9.3254,8.461824,3.8255,14527,0.0012799999999999999,,,,0.194048,0,0.16947199999999998,0.008704,,,,,1.293056
6858,62.490985700113377,18968850327748,9.2490008100867271,8.6216,8.655872,4.2037,14475,0.0012799999999999999,,,,0.18944,0,0.164352,0.00896,,,,,1.306112
6859,62.500113704648527,18968850413964,9.1280043125152588,9.5322,9.211392,3.7253,14475,0.0012799999999999999,,,,0.18816,0,0.16255999999999998,0.0084479999999999989,,,,,1.298176
6860,62.509445705782312,18968850509286,9.3320012092590332,7.751,9.107968,3.793,14822,0.001024,,,,0.195072,0,0.170752,0.008704,,,,,1.6486399999999999
6861,62.518089505385483,18968850586796,8.64379946142435,9.1555,9.309184,3.5683,14595,0.001024,,,,0.18636799999999998,0,0.161024,0.008704,,,,,1.512192
6862,62.5270869047619,18968850678351,8.9973993599414825,9.1062,8.611072,4.0336,14475,0.0012799999999999999,,,,0.192768,0,0.167936,0.008704,,,,,1.319936
6863,62.535904705215415,18968850769413,8.81780032068491,9.388,8.9792,3.63,14475,0.0012799999999999999,,,,0.18944,0.000256,0.16486399999999998,0.008704,,,,,1.520896
6864,62.544797300170067,18968850863293,8.8925948366522789,8.7501,8.728576,4.415,14475,0.001024,,,,0.200448,0,0.17510399999999998,0.008704,,,,,1.50528
6865,62.553876403061224,18968850950794,9.07910242676735,8.8532,8.941568,3.4563,14475,0.001024,,,,0.189696,0,0.164608,0.008704,,,,,1.6268799999999999
6866,62.561880704365073,18968851039326,8.0043012276291847,9.5892,9.051136,3.4632,14475,0.0012799999999999999,,,,0.390912,0,0.366592,0.009472,,,,,1.295872
6867,62.571793204365079,18968851135218,9.9125001579523087,8.0998,7.953152,3.5145,14475,0.0012799999999999999,,,,0.188416,0,0.16383999999999999,0.006912,,,,,1.300736
6868,62.580361104024938,18968851216216,8.5678994655609131,9.0802,9.903104,3.5688,14475,0.0012799999999999999,,,,0.190208,0,0.165632,0.008704,,,,,1.533696
6869,62.589118501984125,18968851307018,8.7573975324630737,8.0739,8.470016,3.8887,44881,0.0012799999999999999,,,,0.199424,0,0.174848,0.012799999999999999,,,,,1.299712
6870,62.597424100056685,18968851387757,8.3055980503559113,9.8759,8.753664,3.5753,14475,0.001024,,,,0.202752,0,0.17843199999999998,0.007424,,,,,1.520128
6871,62.607401403061225,18968851486516,9.9773034453392029,8.9506,8.334336,1.1287,14677,0.0012799999999999999,,,,0.193792,0,0.169728,0.008704,,,,,1.293056
6872,62.616487705498862,18968851576022,9.0863024815917015,9.3523,0.114688,3.7217,14475,0.0012799999999999999,,,,0.187904,0,0.163072,0.008704,,,,,1.862912
6873,62.624716404478455,18968851669545,8.2286987453699112,7.6971,9.060608,4.7114,14475,0.0012799999999999999,,,,0.19916799999999998,0,0.173568,0.008704,,,,,1.6665599999999998
6874,62.633417502834462,18968851746516,8.7010981515049934,9.5644,8.203008,3.8118,14475,0.001024,,,,0.18892799999999998,0,0.164352,0.012799999999999999,,,,,1.310208
6875,62.642539299886622,18968851842160,9.1217970475554466,9.1075,8.669952,3.4987,14475,0.001024,,,,0.187136,0,0.16255999999999998,0.009984,,,,,1.727488
6876,62.65134720096372,18968851933235,8.8079012930393219,8.8609,9.104896,4.1515,14475,0.0012799999999999999,,,,0.197376,0,0.173056,0.007168,,,,,1.298176
6877,62.660271201814055,18968852021844,8.9240008965134621,8.0273,8.7872,3.7374,14475,0.0012799999999999999,,,,0.18816,0.000256,0.163072,0.0084479999999999989,,,,,1.53088
6878,62.668948703231287,18968852102117,8.6775012314319611,9.4199,8.90368,3.7275,14595,0.001024,,,,0.38707199999999997,0,0.361728,0.008192,,,,,1.2938239999999999
6879,62.677889200680269,18968852196316,8.940497413277626,8.4899,8.656896,3.7905,14475,0.001024,,,,0.192768,0,0.166656,0.008704,,,,,1.295104
6880,62.686148604024943,18968852281215,8.2594035193324089,8.9621,8.905216,3.4381,14527,0.001024,,,,0.191744,0,0.1664,0.0084479999999999989,,,,,1.8432
6881,62.695607603458051,18968852370836,9.4589991495013237,9.1442,8.225536,4.0747,14475,0.001024,,,,0.19097599999999998,0,0.1664,0.00896,,,,,1.3119999999999998
6882,62.70435189909297,18968852462278,8.7442956864833832,8.4257,9.438208,3.7777,14475,0.001024,,,,0.192512,0,0.16768,0.007168,,,,,2.066176
6883,62.712809601757364,18968852546535,8.4577025845646858,8.5307,8.729856,3.5622,14677,0.001536,,,,0.187904,0,0.162816,0.0084479999999999989,,,,,1.2992
6884,62.721262599206348,18968852631842,8.4529975429177284,9.2415,8.431872,3.7771,14475,0.001024,,,,0.192,0,0.16768,0.007168,,,,,1.315072
6885,62.730091000566894,18968852724257,8.8284015655517578,9.2417,8.420608,3.5269,14475,0.0012799999999999999,,,,0.19686399999999998,0,0.17177599999999998,0.008704,,,,,1.3171199999999998
6886,62.738934800170064,18968852816674,8.84380005300045,8.1365,8.820736,4.3707,14475,0.0012799999999999999,,,,0.194816,0,0.17024,0.008704,,,,,1.3171199999999998
6887,62.747565299036282,18968852898039,8.6304992437362671,9.0431,8.807168,3.7175,20917,0.001024,,,,0.19327999999999998,0.000256,0.168704,0.008704,,,,,1.836288
6888,62.756187103174604,18968852988470,8.621804416179657,8.6735,8.602624,3.7445,14475,0.0012799999999999999,,,,0.39936,0,0.374272,0.0084479999999999989,,,,,1.295104
6889,62.765827303004535,18968853075205,9.640200063586235,8.2503,8.596224,3.5762,14475,0.001024,,,,0.1984,0,0.173568,0.007168,,,,,1.313536
6890,62.77452580073696,18968853157708,8.698497898876667,8.6279,9.625856,3.4763,14475,0.001024,,,,0.19891199999999998,0,0.17279999999999998,0.0076799999999999993,,,,,1.298176
6891,62.783705102040813,18968853243987,9.17930155992508,8.6856,8.666368,3.3885,14475,0.001024,,,,0.191488,0.000256,0.166656,0.008704,,,,,1.5060479999999998
6892,62.792673001700678,18968853330843,8.9678997173905373,9.6179,9.165056,3.3912,14475,0.0012799999999999999,,,,0.192768,0.000256,0.16896,0.0084479999999999989,,,,,1.934848
6893,62.801482901077094,18968853427022,8.8098989799618721,8.9238,8.936192,3.839,14475,0.001024,,,,0.187136,0.000256,0.162048,0.007936,,,,,1.31584
6894,62.810171704931967,18968853516260,8.6888037621974945,9.8996,8.774912,3.7751,14677,0.001024,,,,0.18892799999999998,0,0.164608,0.008704,,,,,1.518336
6895,62.818816801303853,18968853615256,8.64509679377079,7.9483,8.676608,4.0613,14595,0.0012799999999999999,,,,0.38144,0.000256,0.164608,0.008704,,,,,1.6317439999999999
6896,62.827782405045348,18968853694739,8.96560400724411,9.0865,8.616192,3.6467,14475,0.001024,,,,0.18867199999999998,0,0.164096,0.008704,,,,,1.296128
6897,62.836394005102036,18968853785604,8.6115999147295952,8.72,8.918528,3.4741,14475,0.0012799999999999999,,,,0.185088,0,0.160512,0.0084479999999999989,,,,,1.505792
6898,62.845433205782314,18968853872804,9.0392008423805237,8.3359,8.603648,4.5227,14475,0.001024,,,,0.18867199999999998,0,0.16383999999999999,0.00896,,,,,1.316608
6899,62.8545325042517,18968853956163,9.0992981567978859,8.9744,9.006336,3.6208,48021,0.0012799999999999999,,,,0.191744,0.000256,0.166912,0.008704,,,,,1.519104
6900,62.863165702947846,18968854045907,8.6331991478800774,8.6856,9.080832,4.0993,14475,0.0012799999999999999,,,,0.188416,0.000256,0.16383999999999999,0.007168,,,,,1.31456
6901,62.872814200680267,18968854132763,9.648498147726059,9.9776,8.608,1.4235,14475,0.0012799999999999999,,,,0.1856,0,0.16153599999999999,0.008704,,,,,1.296896
6902,62.881510005668929,18968854232539,8.6958054453134537,9.1125,0.350976,3.9343,45662,0.001024,,,,0.19916799999999998,0.000256,0.173312,0.007424,,,,,1.669376
6903,62.890127005385487,18968854323664,8.6169997230172157,7.656,8.671488,3.6181,45662,0.001024,,,,0.18534399999999998,0,0.160512,0.008704,,,,,1.290752
6904,62.899566602891156,18968854400224,9.4395978376269341,9.7527,8.582144,1.1613,45688,0.0012799999999999999,,,,0.20096,0,0.17536,0.006656,,,,,1.294848
6905,62.908602501417228,18968854497751,9.0358983725309372,9.6857,0.114688,1.4506,264623,0.001024,,,,0.198144,0.000256,0.171264,0.0084479999999999989,,,,,1.856512
6906,62.91796110402494,18968854594608,9.3586025759577751,8.7756,0.114176,1.1364,102697,0.001024,,,,0.19123199999999999,0.000256,0.165376,0.008704,,,,,1.299712
6907,62.927201105442172,18968854682364,9.2400014400482178,9.2084,0.113408,1.1849,47142,0.001024,,,,0.196096,0,0.169984,0.008704,,,,,1.508608
6908,62.936281703514737,18968854774448,9.0805981308221817,9.7562,0.326144,1.3392,128114,0.0012799999999999999,,,,0.191488,0.000256,0.16588799999999998,0.008704,,,,,1.7052159999999998
6909,62.946339200680271,18968854872010,10.057496838271618,9.1422,0.11264,1.2666,45280,0.0012799999999999999,,,,0.19712,0.000256,0.173056,0.00896,,,,,1.51552
6910,62.955329804421766,18968854963432,8.9906034991145134,9.0914,0.113408,1.5657,44000,0.001024,,,,0.20249599999999998,0,0.17638399999999999,0.0097279999999999988,,,,,2.41408
6911,62.964285402494326,18968855054346,8.9555978775024414,9.4069,0.11392,1.1282,83792,0.0012799999999999999,,,,0.189696,0.000256,0.16383999999999999,0.007424,,,,,1.659392
6912,62.973741801303852,18968855148415,9.4563988968729973,9.8219,0.113152,1.1539,104554,0.0012799999999999999,,,,0.191488,0,0.165632,0.008704,,,,,1.524224
6913,62.982346804138317,18968855246634,8.60500242561102,9.3358,0.11264,1.202,98132,0.0012799999999999999,,,,0.191744,0.000256,0.166656,0.013056,,,,,1.679872
6914,62.991876601473919,18968855339992,9.5297973603010178,8.6562,0.112384,1.3164,67900,0.001024,,,,0.187392,0.000256,0.162048,0.00896,,,,,1.300992
6915,63.000926502267568,18968855426554,9.0499008074402809,9.2031,0.674304,1.1873,35944,0.001024,,,,0.397312,0.000256,0.37196799999999997,0.013312,,,,,1.300224
6916,63.010300602324257,18968855518585,9.3740997835993767,8.8941,0.109824,1.116,36146,0.001024,,,,0.191488,0,0.165632,0.0084479999999999989,,,,,1.513472
6917,63.019572803287979,18968855607526,9.2722009867429733,9.0838,0.11136,1.1908,35944,0.0012799999999999999,,,,0.41728,0.000256,0.391424,0.0084479999999999989,,,,,1.6399359999999998
6918,63.028678904478454,18968855698364,9.106101468205452,8.9171,0.110336,1.5471,35944,0.0012799999999999999,,,,0.19353599999999999,0,0.167424,0.008704,,,,,1.293568
6919,63.0377121031746,18968855787535,9.0331984683871269,9.665,0.110592,1.0525,35944,0.0012799999999999999,,,,0.193024,0.000256,0.16716799999999998,0.006912,,,,,1.297408
6920,63.047064399092967,18968855884185,9.3522956594824791,11.0233,0.110848,1.0213,35944,0.0012799999999999999,,,,0.19353599999999999,0,0.16819199999999998,0.008704,,,,,1.297408
6921,63.056073703231291,18968855994418,9.0093044564127922,7.1271,0.111616,1.0734,35944,0.001024,,,,0.195072,0,0.17049599999999998,0.00896,,,,,1.301504
6922,63.064666801303851,18968856065689,8.5930982604622841,8.9493,0.11136,1.0995,71086,0.0012799999999999999,,,,0.191744,0,0.16588799999999998,0.008704,,,,,1.841408
6923,63.074358304988657,18968856155182,9.6915038302540779,9.4833,0.329472,1.0443,66092,0.001024,,,,0.1984,0,0.172032,0.0084479999999999989,,,,,1.29408
6924,63.083397902494326,18968856250015,9.03959758579731,8.9257,0.464896,1.0848,53515,0.0012799999999999999,,,,0.189184,0.000256,0.164096,0.012544,,,,,1.850112
6925,63.092049503968255,18968856339272,8.6516011506319046,8.5858,0.110848,1.1381,138428,0.001024,,,,0.195072,0,0.16896,0.008704,,,,,1.521664
6926,63.101151799886615,18968856425130,9.1022960841655731,9.7494,0.11008,1.0766,146759,0.001024,,,,0.194304,0,0.16819199999999998,0.008704,,,,,1.295104
6927,63.1106294005102,18968856522624,9.4776004552841187,9.5211,0.110592,1.5208,53717,0.001024,,,,0.20019199999999998,0,0.175616,0.008704,,,,,1.508608
6928,63.1194996031746,18968856617835,8.870203047990799,8.6087,0.110592,1.1615,50329,0.001024,,,,0.19712,0,0.170752,0.0084479999999999989,,,,,1.654784
6929,63.129117205215415,18968856703922,9.6176024526357651,8.8354,0.110848,1.267,36064,0.001024,,,,0.189696,0.000256,0.164096,0.008704,,,,,1.291008
6930,63.138226303854871,18968856792276,9.1090984642505646,9.1606,0.109824,1.0722,123799,0.001024,,,,0.18867199999999998,0.000256,0.162304,0.013312,,,,,2.094848
6931,63.147468501984122,18968856883882,9.2421984300017357,9.2135,0.110848,1.1112,113703,0.001024,,,,0.19097599999999998,0.000256,0.165376,0.0084479999999999989,,,,,1.2956159999999999
6932,63.156026105442173,18968856976017,8.557603694498539,9.4512,0.34304,1.0572,71086,0.001024,,,,0.193024,0,0.16716799999999998,0.008704,,,,,1.294592
6933,63.165900800736956,18968857070529,9.8746949806809425,9.4437,0.11136,1.2444,66092,0.001024,,,,0.190208,0.000256,0.16512,0.008704,,,,,1.291008
6934,63.174822101757364,18968857164966,8.9213009923696518,8.8778,0.516864,1.1159,35944,0.001024,,,,0.193024,0,0.166912,0.0084479999999999989,,,,,1.540608
6935,63.184108999433107,18968857253744,9.2868972569704056,9.2585,0.110592,1.052,14475,0.001024,,,,0.18944,0,0.16383999999999999,0.008192,,,,,1.293312
6936,63.193004705215415,18968857346329,8.8957054540514946,9.0692,0.110336,1.0494,14475,0.0012799999999999999,,,,0.18867199999999998,0,0.163328,0.0084479999999999989,,,,,1.7664
6937,63.202077600623582,18968857437021,9.0728951618075371,9.4086,0.110592,4.0857,14475,0.001024,,,,0.18944,0,0.162816,0.007424,,,,,1.300224
6938,63.210553103741496,18968857531107,8.4755029529333115,8.1347,9.05856,7.0824,14677,0.0012799999999999999,,,,0.196352,0,0.169984,0.008704,,,,,1.759744
6939,63.219762705498866,18968857612454,9.2096021398901939,8.7789,8.229888,4.1401,14475,0.001024,,,,0.188416,0,0.16255999999999998,0.00896,,,,,1.316096
6940,63.229252303004536,18968857700243,9.4895977526903152,9.6864,9.16736,3.6338,14475,0.001024,,,,0.187136,0,0.162816,0.007424,,,,,1.29152
6941,63.23861110402494,18968857797107,9.3588009476661682,7.7318,9.478144,3.3987,35944,0.000768,,,,0.189184,0.000256,0.165376,0.008704,,,,,1.297408
6942,63.2468669005102,18968857874425,8.2557965070009232,9.1509,9.330176,3.9536,20917,0.001024,,,,0.196096,0,0.17152,0.012799999999999999,,,,,1.291776
6943,63.256299305555551,18968857965934,9.4324052333831787,9.5632,8.216064,1.1099,35944,0.001024,,,,0.18688,0,0.162816,0.011007999999999999,,,,,1.2971519999999999
6944,63.264985204081633,18968858061566,8.6858989670872688,10.2823,0.110848,3.4251,14475,0.001024,,,,0.19327999999999998,0.000256,0.167936,0.007424,,,,,1.9456
6945,63.274226700680266,18968858164389,9.2414962127804756,8.3711,8.664576,1.0778,35944,0.001024,,,,0.196608,0.000256,0.170752,0.0084479999999999989,,,,,1.296896
6946,63.283817602040813,18968858248100,9.59090143442154,9.3437,0.337152,3.5712,14595,0.001024,,,,0.198144,0,0.173056,0.012799999999999999,,,,,1.301504
6947,63.292772300170064,18968858341537,8.9546982198953629,7.6663,9.62816,1.2344,14475,0.0012799999999999999,,,,0.19327999999999998,0,0.169216,0.009216,,,,,1.524224
6948,63.3019963010204,18968858418200,9.22400038689375,10.2433,0.110592,3.3469,14475,0.0012799999999999999,,,,0.187904,0,0.162048,0.0076799999999999993,,,,,1.296128
6949,63.31085230300453,18968858520633,8.8560022413730621,8.5666,9.18528,3.6009,14677,0.0012799999999999999,,,,0.189696,0,0.164352,0.0084479999999999989,,,,,1.731328
6950,63.319683404195011,18968858606299,8.8311014696955681,8.9844,8.84096,3.8153,14475,0.0012799999999999999,,,,0.187904,0,0.161792,0.008704,,,,,1.615616
6951,63.328412202380953,18968858696143,8.7287984788417816,9.1594,8.80256,4.0263,36072,0.001024,,,,0.192512,0,0.1664,0.008704,,,,,1.5096319999999999
6952,63.336998001700678,18968858787737,8.5857994854450226,9.004,8.670976,3.5011,14475,0.001536,,,,0.190464,0,0.165376,0.007168,,,,,1.300224
6953,63.34625099914966,18968858877777,9.2529971152544022,8.7299,8.579584,1.245,14475,0.0012799999999999999,,,,0.18816,0.000256,0.16383999999999999,0.008704,,,,,1.2971519999999999
6954,63.355232901077095,18968858965076,8.981902152299881,10.2591,0.110592,3.5274,14475,0.001024,,,,0.198144,0,0.17279999999999998,0.007168,,,,,1.8508799999999999
6955,63.363589002267574,18968859067667,8.3561008796095848,7.4246,8.95872,3.5874,14475,0.001024,,,,0.189184,0,0.163072,0.007424,,,,,1.295104
6956,63.372905902777774,18968859141913,9.3169007450342178,9.234,8.318208,3.8373,14475,0.001024,,,,0.191488,0,0.165376,0.008704,,,,,1.297664
6957,63.38159910005669,18968859234253,8.69319774210453,8.7349,9.291264,3.4346,14475,0.001024,,,,0.18995199999999998,0.000256,0.162304,0.008704,,,,,1.499136
6958,63.390334304138321,18968859321602,8.7352041155099869,8.2731,8.680448,3.5915,14475,0.001024,,,,0.19097599999999998,0,0.164352,0.008704,,,,,1.29152
6959,63.3992542020975,18968859404333,8.91989842057228,9.367,8.705024,3.7788,14475,0.001024,,,,0.18636799999999998,0,0.162304,0.008704,,,,,1.2992
6960,63.407942304421766,18968859498003,8.6881024762988091,8.6034,8.869632,3.6634,14677,0.001024,,,,0.191488,0.000256,0.166912,0.0076799999999999993,,,,,1.311744
6961,63.417241404478453,18968859584037,9.2991003766655922,9.2267,8.649728,3.7723,14475,0.001024,,,,0.19584,0,0.17152,0.00896,,,,,1.5265279999999999
6962,63.425756802721089,18968859676304,8.5153980180621147,8.8891,9.315072,3.9927,14475,0.001024,,,,0.197376,0,0.173312,0.008704,,,,,1.29408
6963,63.434347101757368,18968859765195,8.59029870480299,8.6812,8.489216,3.7752,14595,0.0012799999999999999,,,,0.18636799999999998,0,0.16127999999999998,0.009216,,,,,1.308416
6964,63.442766801303854,18968859852007,8.4196999669075012,9.2223,8.55936,3.8316,14475,0.001024,,,,0.19123199999999999,0,0.166912,0.007168,,,,,1.316608
6965,63.452119600340133,18968859944230,9.3527985736727715,8.8269,8.402176,3.8701,14475,0.0012799999999999999,,,,0.191744,0,0.16768,0.008704,,,,,1.29408
6966,63.461621301020408,18968860032499,9.5017002895474434,9.1098,9.324288,3.8064,14475,0.001024,,,,0.192768,0.000256,0.16768,0.008704,,,,,1.526784
6967,63.47008939909297,18968860123597,8.4680980071425438,7.6431,9.47968,4.1694,14475,0.0012799999999999999,,,,0.37734399999999996,0,0.35276799999999997,0.0084479999999999989,,,,,1.581824
6968,63.47919870323129,18968860200028,9.1093042865395546,9.4239,8.447232,4.1617,14475,0.000768,,,,0.194048,0.000256,0.169728,0.007168,,,,,1.553664
6969,63.487835204081627,18968860294267,8.63650068640709,9.6804,9.049856,3.8642,14475,0.001024,,,,0.19455999999999998,0.000256,0.17024,0.008704,,,,,1.296384
6970,63.496578805272108,18968860391071,8.74360091984272,8.502,8.617216,4.2064,14475,0.001024,,,,0.18431999999999998,0.000256,0.16025599999999998,0.012288,,,,,1.3189119999999999
6971,63.505294302721083,18968860476091,8.7154973298311234,8.9241,8.557568,3.6741,14527,0.001024,,,,0.46310399999999996,0,0.438272,0.007936,,,,,1.2971519999999999
6972,63.515120705782309,18968860565332,9.8264031112194061,8.3066,8.695552,3.9108,14677,0.001024,,,,0.18431999999999998,0,0.16,0.0084479999999999989,,,,,1.7034239999999998
6973,63.523484601757367,18968860648398,8.3638960495591164,8.8422,9.797632,3.5798,14475,0.0012799999999999999,,,,0.194048,0,0.169728,0.008704,,,,,1.2938239999999999
6974,63.5325246031746,18968860736820,9.040001779794693,8.8677,8.33408,3.9719,14475,0.001024,,,,0.18662399999999998,0,0.16153599999999999,0.008704,,,,,1.314304
6975,63.541270804988656,18968860825497,8.7462021037936211,9.4635,9.023232,4.0546,14475,0.0012799999999999999,,,,0.18867199999999998,0,0.164608,0.007168,,,,,1.312512
6976,63.550177699829931,18968860920132,8.9068952947855,8.7651,8.701952,3.5208,14475,0.001024,,,,0.19123199999999999,0.000512,0.16358399999999998,0.007168,,,,,1.294848
6977,63.558732801870747,18968861007783,8.5551021620631218,8.5381,8.882432,3.3555,14475,0.001024,,,,0.18816,0,0.16383999999999999,0.008704,,,,,1.6133119999999999
6978,63.56784310515873,18968861093164,9.110303595662117,8.8454,8.543744,3.6664,14475,0.0012799999999999999,,,,0.200448,0.000256,0.17536,0.008704,,,,,1.319936
6979,63.5770869047619,18968861181618,9.2437993735075,9.2338,9.096448,3.7482,14475,0.0012799999999999999,,,,0.198144,0,0.173568,0.008704,,,,,1.588992
6980,63.585215405328796,18968861273956,8.1285005435347557,8.2501,9.217536,3.6639,14595,0.001024,,,,0.196608,0,0.172544,0.0084479999999999989,,,,,1.752832
6981,63.594391305272104,18968861356457,9.1759003698825836,9.1061,8.109824,3.4487,14475,0.0012799999999999999,,,,0.188416,0.000256,0.16358399999999998,0.008704,,,,,1.317888
6982,63.603168700396822,18968861447518,8.7773948907852173,9.6659,9.152256,3.9776,14475,0.0012799999999999999,,,,0.18816,0,0.163328,0.008704,,,,,1.600768
6983,63.611343005952378,18968861544177,8.1743057817220688,7.6037,8.73856,3.6029,14677,0.001024,,,,0.191744,0,0.166656,0.007168,,,,,1.3004799999999999
6984,63.620495599489793,18968861620214,9.1525930911302567,9.2803,8.156928,3.3787,14475,0.001024,,,,0.188416,0.000256,0.164352,0.007424,,,,,1.2992
6985,63.629562202380953,18968861713017,9.0666031464934349,8.8308,9.12768,3.6447,14475,0.001024,,,,0.186112,0,0.161792,0.0084479999999999989,,,,,1.527296
6986,63.638469805839,18968861801325,8.9076030999422073,8.24,9.04576,3.5424,14475,0.001024,,,,0.19123199999999999,0.000256,0.1664,0.009216,,,,,1.29792
6987,63.6471496031746,18968861883725,8.6797969415783882,9.1686,8.883968,3.9582,14475,0.0012799999999999999,,,,0.195328,0,0.171264,0.013056,,,,,1.853696
6988,63.656688399943306,18968861975411,9.5387967303395271,9.1222,8.654848,4.0842,14475,0.001024,,,,0.18688,0,0.162304,0.007936,,,,,1.313024
6989,63.665902501417229,18968862066633,9.2141013592481613,9.0044,9.508864,3.847,14475,0.001024,,,,0.190464,0.000256,0.1664,0.008704,,,,,1.856512
6990,63.67379180130385,18968862156677,7.8892996534705162,8.9992,9.193728,3.4938,14475,0.001024,,,,0.18662399999999998,0,0.161792,0.00896,,,,,1.60256
6991,63.683039299886616,18968862246669,9.2474985867738724,9.2342,7.860224,4.0817,14475,0.001024,,,,0.18636799999999998,0.000256,0.162048,0.008704,,,,,1.3119999999999998
6992,63.69199700255102,18968862339011,8.9577026665210724,9.1887,9.220864,3.4401,14475,0.001024,,,,0.188416,0.000256,0.164096,0.008704,,,,,1.950208
6993,63.701279804421766,18968862430898,9.2828022316098213,7.7805,8.933888,3.539,67274,0.0012799999999999999,,,,0.412416,0.000256,0.164608,0.007424,,,,,1.296896
6994,63.709986805555552,18968862508703,8.7070008739829063,9.2255,9.251328,4.2614,14874,0.0012799999999999999,,,,0.187392,0.000256,0.162816,0.0084479999999999989,,,,,1.659648
6995,63.718744699546484,18968862600958,8.7578939273953438,8.9572,8.689408,3.8461,14475,0.001024,,,,0.375552,0,0.350464,0.010239999999999999,,,,,1.321984
6996,63.727619501133788,18968862690530,8.87480191886425,9.639,8.733952,3.7067,14475,0.0012799999999999999,,,,0.192768,0.000256,0.16768,0.008704,,,,,1.295104
6997,63.736133701814055,18968862786920,8.51420033723116,8.4806,8.841216,3.5425,14595,0.0012799999999999999,,,,0.195328,0.000256,0.170752,0.0084479999999999989,,,,,1.9330559999999999
6998,63.74582509920635,18968862871726,9.6913976594805717,8.4575,8.492288,4.1161,14475,0.0012799999999999999,,,,0.19558399999999998,0,0.171264,0.008704,,,,,1.311744
6999,63.754292602040813,18968862956301,8.4675028920173645,9.2456,9.655296,3.6543,20917,0.001024,,,,0.187904,0,0.164352,0.0084479999999999989,,,,,2.267136
7000,63.763399900793651,18968863048757,9.1072991490364075,8.1497,8.448256,3.5026,14475,0.001024,,,,0.18867199999999998,0,0.164096,0.0076799999999999993,,,,,1.299712
7001,63.772274900793647,18968863130254,8.8750002905726433,9.8154,9.073408,3.4917,14475,0.0012799999999999999,,,,0.197376,0,0.173056,0.008704,,,,,1.312768
7002,63.780703904478457,18968863228408,8.42900387942791,9.0235,8.845312,3.3687,27781,0.0012799999999999999,,,,0.194304,0,0.17049599999999998,0.011519999999999999,,,,,1.61408
7003,63.789561699263039,18968863318643,8.8577950373291969,8.4869,8.403712,3.7493,34145,0.0012799999999999999,,,,0.194048,0,0.168704,0.0084479999999999989,,,,,1.3119999999999998
7004,63.798240001417234,18968863403512,8.67830216884613,9.1588,8.840448,3.597,14475,0.001024,,,,0.198656,0,0.17382399999999998,0.0084479999999999989,,,,,1.5278079999999998
7005,63.80697290249433,18968863495100,8.7329009547829628,8.1002,8.656128,3.6066,14822,0.0012799999999999999,,,,0.194816,0.000256,0.170752,0.0084479999999999989,,,,,1.299968
7006,63.816127501417228,18968863576102,9.1545991599559784,8.9873,8.702464,3.5416,14475,0.001024,,,,0.189696,0,0.16486399999999998,0.0084479999999999989,,,,,1.6550399999999998
7007,63.824918005952377,18968863665975,8.7905041873455048,8.6984,9.1264,3.5393,14475,0.0012799999999999999,,,,0.19327999999999998,0,0.16819199999999998,0.012544,,,,,1.505792
7008,63.833967106009069,18968863752959,9.0490998700261116,8.7501,8.777216,3.8185,14475,0.001024,,,,0.193792,0,0.16896,0.008704,,,,,1.297664
7009,63.843259204931968,18968863840460,9.292098693549633,9.1243,9.008896,3.7267,14475,0.0012799999999999999,,,,0.194816,0,0.169728,0.007424,,,,,2.0308479999999998
7010,63.851678202947845,18968863931703,8.4189977496862411,8.828,9.27616,3.65,46379,0.001024,,,,0.198144,0,0.17407999999999998,0.008704,,,,,1.292544
7011,63.860811600056685,18968864019983,9.1333966702222824,9.136,8.398592,3.9471,22067,0.001024,,,,0.482048,0.000256,0.457472,0.014079999999999999,,,,,1.32096
7012,63.869620804988656,18968864111343,8.8092051446437836,9.1793,9.101824,1.0822,55425,0.001024,,,,0.18944,0,0.16486399999999998,0.008704,,,,,1.600768
7013,63.8790248015873,18968864203136,9.4039961695671082,9.5714,0.111104,0.3173,14475,0.001024,,,,0.197376,0,0.172032,0.0084479999999999989,,,,,1.293312
7014,63.888256604308388,18968864298850,9.2318030074238777,8.5245,0.01024,3.4536,14595,0.0012799999999999999,,,,0.192768,0,0.1664,0.00896,,,,,1.5029759999999999
7015,63.896651303854874,18968864384095,8.3946995437145233,8.2192,9.22624,3.5233,26477,0.001024,,,,0.19225599999999998,0,0.167936,0.008704,,,,,1.60128
7016,63.906457100340134,18968864466287,9.8057966679334641,9.7144,8.340224,3.9351,18294,0.001024,,,,0.193024,0,0.168448,0.00896,,,,,1.316608
7017,63.916129301303855,18968864563431,9.6722012385725975,8.8262,9.798912,3.6813,14527,0.000768,,,,0.19123199999999999,0,0.16614399999999999,0.008704,,,,,1.7955839999999998
7018,63.925008099489794,18968864651693,8.8787982240319252,8.3674,9.616384,0.2192,14475,0.0012799999999999999,,,,0.19558399999999998,0,0.171008,0.0084479999999999989,,,,,1.301504
7019,63.934092106009068,18968864735367,9.0840067714452744,9.9301,0.012032,3.6994,14475,0.001024,,,,0.19225599999999998,0,0.16716799999999998,0.008704,,,,,1.293312
7020,63.943128202947847,18968864834668,9.03609674423933,9.7349,9.048832,3.7076,59029,0.001024,,,,0.192512,0,0.167936,0.008704,,,,,1.741568
7021,63.952056405895689,18968864932017,8.9282030239701271,9.7,9.014784,4.1975,20421,0.0012799999999999999,,,,0.18764799999999998,0,0.16383999999999999,0.012032,,,,,1.316608
7022,63.961289902210879,18968865029017,9.2334961518645287,8.425,8.9024,3.9175,14475,0.001024,,,,0.187136,0,0.162304,0.008704,,,,,1.7886719999999998
7023,63.969524900793651,18968865113267,8.23499821126461,9.0886,9.203968,3.9772,14475,0.0012799999999999999,,,,0.189696,0.000256,0.16358399999999998,0.011264,,,,,1.6266239999999998
7024,63.978930102040813,18968865204153,9.40520130097866,8.6749,8.211456,3.5919,14475,0.0012799999999999999,,,,0.194816,0.000256,0.169984,0.008704,,,,,1.31456
7025,63.988253103741492,18968865290902,9.3230018392205238,9.5599,9.37984,3.6573,14475,0.001024,,,,0.185856,0.000256,0.16153599999999999,0.00896,,,,,1.299456
7026,63.997675304705211,18968865386501,9.4222007319331169,8.3578,9.27872,3.9399,14475,0.001024,,,,0.18995199999999998,0,0.165376,0.006912,,,,,1.2920319999999998
7027,64.006734899376411,18968865470079,9.0595949441194534,8.8492,9.40672,4.4731,14822,0.001024,,,,0.19097599999999998,0.000256,0.166656,0.008704,,,,,1.547008
7028,64.015697002551022,18968865558571,8.96210316568613,9.7726,9.035264,3.6864,14475,0.0012799999999999999,,,,0.187136,0,0.162816,0.007424,,,,,1.290752
7029,64.024521003401361,18968865656297,8.8240010663867,8.9614,8.929792,3.9191,14475,0.0012799999999999999,,,,0.189184,0.000256,0.16486399999999998,0.0084479999999999989,,,,,1.314304
7030,64.033580902777771,18968865745911,9.0598994866013527,9.1496,8.811264,3.7012,14475,0.0012799999999999999,,,,0.194048,0.000256,0.169728,0.008704,,,,,1.6568319999999999
7031,64.042068105158734,18968865837407,8.4872022271156311,9.0238,9.025536,3.378,14595,0.001024,,,,0.19123199999999999,0.000256,0.166656,0.008704,,,,,1.296128
7032,64.0514325042517,18968865927645,9.3643991276621819,8.8253,8.463872,3.5857,14475,0.001024,,,,0.18662399999999998,0,0.162304,0.00896,,,,,1.29792
7033,64.0605779053288,18968866015898,9.1454014182090759,8.7862,9.326336,3.6454,14475,0.001024,,,,0.194304,0,0.16947199999999998,0.006912,,,,,1.534208
7034,64.0692869047619,18968866103760,8.7089994922280312,8.5184,9.142528,3.6142,14475,0.001024,,,,0.19123199999999999,0,0.16614399999999999,0.00896,,,,,1.598976
7035,64.0785373015873,18968866188944,9.2503968626260757,9.372,8.677888,3.5429,14475,0.001024,,,,0.19916799999999998,0,0.17407999999999998,0.00896,,,,,1.294848
7036,64.0875040036848,18968866282664,8.9667020365595818,9.2081,9.216512,3.5228,14475,0.001024,,,,0.190464,0.000256,0.1664,0.008704,,,,,2.020352
7037,64.096556505102043,18968866374745,9.0525010600686073,8.7241,8.941312,3.527,14475,0.001024,,,,0.18892799999999998,0,0.16358399999999998,0.0084479999999999989,,,,,1.295104
7038,64.10613330498866,18968866461986,9.5768002793192863,9.309,9.026304,3.5924,14475,0.001024,,,,0.189696,0.000256,0.16486399999999998,0.008704,,,,,1.29664
7039,64.114959899376416,18968866555076,8.8265947997570038,9.0267,9.559808,3.7918,14677,0.0012799999999999999,,,,0.194304,0,0.169728,0.008704,,,,,1.6668159999999999
7040,64.123930605158733,18968866645343,8.9707057923078537,8.9967,8.808448,3.9721,14527,0.0012799999999999999,,,,0.18764799999999998,0,0.163328,0.008704,,,,,1.536768
7041,64.132373901643987,18968866735310,8.4432968869805336,9.4866,8.947712,3.5929,14475,0.001024,,,,0.18995199999999998,0,0.16512,0.010752,,,,,1.69728
7042,64.141259304138316,18968866830176,8.8854022324085236,9.417,8.40576,3.3986,14475,0.0012799999999999999,,,,0.200704,0,0.17638399999999999,0.00896,,,,,1.2956159999999999
7043,64.15005200538549,18968866924346,8.7927011772990227,8.5419,8.849408,3.3427,14475,0.0012799999999999999,,,,0.386048,0.000256,0.360448,0.008704,,,,,1.295104
7044,64.15929040532879,18968867009765,9.23839956521988,8.3609,8.773376,3.5954,14475,0.001024,,,,0.19225599999999998,0,0.167936,0.007168,,,,,1.6163839999999998
7045,64.1682830994898,18968867093374,8.9926943182945251,8.8524,9.206784,3.5044,14475,0.001024,,,,0.188416,0,0.16358399999999998,0.008704,,,,,1.30176
7046,64.177918105158724,18968867181898,9.6350060775876045,9.1236,8.986112,3.7656,14475,0.006144,,,,0.19072,0,0.164608,0.006912,,,,,1.294336
7047,64.186095705782307,18968867273134,8.1776008009910583,8.9399,9.603072,3.6694,14475,0.0012799999999999999,,,,0.192,0,0.16819199999999998,0.008704,,,,,1.851648
7048,64.194991999716549,18968867362533,8.8962940499186516,9.174,8.14592,3.3535,14595,0.0012799999999999999,,,,0.19097599999999998,0,0.1664,0.008704,,,,,1.297408
7049,64.20436180555555,18968867454273,9.3698054552078247,9.3399,8.879616,3.3682,14475,0.0012799999999999999,,,,0.183552,0.000256,0.159744,0.00896,,,,,2.009344
7050,64.213522300170069,18968867547672,9.1604944318532944,8.9824,9.337856,3.5979,14677,0.0012799999999999999,,,,0.192,0,0.167424,0.008704,,,,,1.292544
7051,64.222754301303851,18968867637496,9.23200137913227,8.026,9.148672,3.8984,14475,0.0012799999999999999,,,,0.196096,0,0.171264,0.008704,,,,,1.31328
7052,64.2314086026077,18968867717756,8.6543010547757149,9.464,9.188608,4.031,14475,0.000768,,,,0.19123199999999999,0,0.165376,0.007424,,,,,1.4911999999999999
7053,64.239758099489791,18968867812396,8.3494968712329865,9.206,8.627968,3.5793,14475,0.001024,,,,0.19788799999999998,0.000256,0.173056,0.006912,,,,,1.2956159999999999
7054,64.248498703231292,18968867904456,8.7406039237976074,9.1265,8.340992,3.5698,14475,0.0012799999999999999,,,,0.1984,0,0.17382399999999998,0.0076799999999999993,,,,,1.304576
7055,64.257675602324255,18968867995721,9.1768987476825714,8.7395,8.70272,3.6311,20917,0.001024,,,,0.18764799999999998,0,0.16255999999999998,0.008704,,,,,1.2989439999999999
7056,64.266463201530613,18968868083116,8.7875993922352791,8.2396,9.1584,3.5176,14475,0.001024,,,,0.19097599999999998,0,0.166656,0.008704,,,,,1.7320959999999999
7057,64.274952600623578,18968868165512,8.489399217069149,9.0851,8.761344,3.7479,14475,0.001024,,,,0.391424,0.000256,0.367104,0.0084479999999999989,,,,,1.609216
7058,64.28345670351473,18968868256363,8.5041029378771782,8.9225,8.444672,3.4405,14475,0.001024,,,,0.187904,0.000256,0.16358399999999998,0.006912,,,,,1.301504
7059,64.3612369047619,18968868345588,77.780202031135559,8.7067,8.493568,3.4782,33539,0.001024,,,,0.187904,0.000256,0.16358399999999998,0.006912,,,,,1.301504
7060,74.198041602891152,18968966860015,9836.8043899536133,42.1574,,,785143,0.20607999999999999,,,,4.256768,0.002816,0.023808,0,,,,,1.618944
